/*
SQLyog Ultimate v11.24 (32 bit)
MySQL - 5.6.10 : Database - scholarship
*********************************************************************
*/

/*!40101 SET NAMES utf8 */;

/*!40101 SET SQL_MODE=''*/;

/*!40014 SET @OLD_UNIQUE_CHECKS=@@UNIQUE_CHECKS, UNIQUE_CHECKS=0 */;
/*!40014 SET @OLD_FOREIGN_KEY_CHECKS=@@FOREIGN_KEY_CHECKS, FOREIGN_KEY_CHECKS=0 */;
/*!40101 SET @OLD_SQL_MODE=@@SQL_MODE, SQL_MODE='NO_AUTO_VALUE_ON_ZERO' */;
/*!40111 SET @OLD_SQL_NOTES=@@SQL_NOTES, SQL_NOTES=0 */;
CREATE DATABASE /*!32312 IF NOT EXISTS*/`scholarship1` /*!40100 DEFAULT CHARACTER SET utf8 */;

USE `scholarship1`;

/*Table structure for table `cet` */

DROP TABLE IF EXISTS `cet`;

CREATE TABLE `cet` (
  `user_name` varchar(5) NOT NULL,
  `type_name` varchar(10) NOT NULL,
  `type_score` float NOT NULL,
  UNIQUE KEY `user_name` (`user_name`),
  UNIQUE KEY `type_name` (`type_name`)
) ENGINE=InnoDB DEFAULT CHARSET=utf8;

/*Data for the table `cet` */

insert  into `cet`(`user_name`,`type_name`,`type_score`) values ('13001','1cet4',1.5),('13002','2cet4',1),('13003','3cet4',0.5),('13004','cet6',2),('13005','0cet4',0);

/*Table structure for table `class_name` */

DROP TABLE IF EXISTS `class_name`;

CREATE TABLE `class_name` (
  `id` int(11) NOT NULL,
  `stu_class` varchar(20) DEFAULT NULL,
  PRIMARY KEY (`id`),
  UNIQUE KEY `stu_class` (`stu_class`)
) ENGINE=InnoDB DEFAULT CHARSET=utf8;

/*Data for the table `class_name` */

insert  into `class_name`(`id`,`stu_class`) values (8,'网络工程13-1'),(9,'网络工程13-2'),(1,'计算机科学与技术13-1'),(2,'计算机科学与技术13-2'),(3,'计算机科学与技术13-3'),(4,'计算机科学与技术13-4'),(10,'软件工程13-1'),(11,'软件工程13-2'),(5,'通信工程13-1'),(6,'通信工程13-2'),(7,'通信工程13-3');

/*Table structure for table `deyuitem` */

DROP TABLE IF EXISTS `deyuitem`;

CREATE TABLE `deyuitem` (
  `deyu_num` varchar(10) NOT NULL,
  `deyu_name` varchar(100) NOT NULL,
  `deyu_score` float NOT NULL,
  PRIMARY KEY (`deyu_num`)
) ENGINE=InnoDB DEFAULT CHARSET=utf8;

/*Data for the table `deyuitem` */

insert  into `deyuitem`(`deyu_num`,`deyu_name`,`deyu_score`) values ('14001','基础分',61),('14002','分团委副书记、学生会正副主席',6),('14003','部长、副部、党支部书记、会长',5.5),('14005','各年级学生分会正副主席',5),('14006','学生会干事，党支部干部',4),('14008','其他班委',2),('14009','计算机二级、初级',1),('14010','计算机三级、中级',1.5),('14011','计算机四级、高级',2),('14012','其他非专业证书1',0.5),('14013','其他非专业证书2',0.5),('14014','其他非专业证书3',0.5),('14015','其他非专业证书4',0.5),('14016','其他非专业证书5',0.5),('14017','其他非专业证书6',0.5),('14018','其他非专业证书7',0.5),('14019','其他非专业证书8',0.5),('14020','其他非专业证书9',0.5),('14021','其他非专业证书10',0.5),('14022','双学位',2.5),('14023','国家级一等奖',14),('14024','国家级二等奖',12),('14025','国家级三等奖',10),('14026','国家级优胜奖',7),('14027','市级一等奖',9),('14028','市级二等奖',8),('14029','市级三等奖',7),('14030','市级优胜奖',4),('14031','校级一等奖',6),('14032','校级二等奖',5),('14033','校级三等奖',4),('14034','校级优胜奖',2),('14035','院级一等奖',4),('14036','院级二等奖',3),('14037','院级三等奖',2),('14038','院级优胜奖',1),('14039','其他表彰奖项(国家级)',9),('14040','其他表彰奖项(省市级)',7),('14041','其他表彰奖项(校级)',5),('14042','其他表彰奖项(院级)',3),('14043','校\"十佳\"学生',20),('14044','校\"百优\"学生',10),('14045','院级优秀团支部',3),('14046','校级优秀团支部',5),('14047','省级优秀团支部',7),('14048','国家级优秀团支部',9),('14049','三好学生标兵',4),('14050','三好学生',2),('14051','优秀学生干部',2),('14052','国家级社会表彰',9),('14053','省市级社会表彰',7),('14054','校级社会表彰',5),('14055','院级社会表彰',3),('14056','献血',1),('14057','参与活动分1',0.5),('14058','参与活动分2',0.5),('14059','参与活动分3',0.5),('14060','参与活动分4',0.5),('14061','参与活动分5',0.5),('14062','参与活动分6',0.5),('14063','参与活动分7',0.5),('14064','参与活动分8',0.5),('14065','参与活动分9',0.5),('14066','参与活动分10',0.5),('14067','省级科技立项一等奖',9),('14068','省级科技立项二等奖',8),('14069','省级科技立项三等奖',7),('14070','校级科技立项',2),('14071','院级科技立项',1),('14072','科技创新平台(参与)',1),('14073','科技创新优秀个人',2);

/*Table structure for table `logininfo` */

DROP TABLE IF EXISTS `logininfo`;

CREATE TABLE `logininfo` (
  `id` int(11) NOT NULL AUTO_INCREMENT,
  `loginName` varchar(18) DEFAULT NULL,
  `loginPwd` varchar(18) DEFAULT NULL,
  `isRemenber` int(11) DEFAULT NULL,
  `isAutoLogin` int(11) DEFAULT NULL,
  PRIMARY KEY (`id`)
) ENGINE=InnoDB AUTO_INCREMENT=2 DEFAULT CHARSET=utf8;

/*Data for the table `logininfo` */

insert  into `logininfo`(`id`,`loginName`,`loginPwd`,`isRemenber`,`isAutoLogin`) values (1,'admin','admin',1,0);

/*Table structure for table `statistic` */

DROP TABLE IF EXISTS `statistic`;

CREATE TABLE `statistic` (
  `stu_num` varchar(20) NOT NULL,
  `stu_deyu` float NOT NULL,
  `stu_zhiyu` float NOT NULL,
  `stu_tiyu` float NOT NULL,
  `total` float DEFAULT NULL,
  PRIMARY KEY (`stu_num`),
  CONSTRAINT `statistic_ibfk_1` FOREIGN KEY (`stu_num`) REFERENCES `stu_info` (`stu_num`) ON DELETE CASCADE
) ENGINE=InnoDB DEFAULT CHARSET=utf8;

/*Data for the table `statistic` */

insert  into `statistic`(`stu_num`,`stu_deyu`,`stu_zhiyu`,`stu_tiyu`,`total`) values ('007233223350',0,0,0,0),('107233223350',0,0,0,0),('111111111211',0,0,0,0),('111111111213',0,0,0,0),('111111111255',0,0,0,0),('111131311255',0,0,0,0),('121211111111',16.75,17.92,0,34.67),('121233223322',0,0,0,0),('121233223333',0,0,0,0),('121233223334',0,0,0,0),('121233223356',0,0,0,0),('144253443650',0,0,0,0),('144253903650',0,0,0,0),('144253993650',0,0,0,0),('144258903650',0,0,0,0),('144298903650',0,0,0,0),('144298903668',0,0,0,0),('144298903678',0,0,0,0),('144898903668',0,0,0,0),('177233223350',0,0,0,0),('177233223356',0,0,0,0),('201316080201',20,59.34,3.19,82.53),('201316080209',25,70,5,100),('201316080210',25,70,5,100),('201316080211',25,70,5,100),('201316080222',21.12,63.28,4.04,88.44),('222222222222',0,0,0,0),('232343434343',2,17.25,0,19.25),('307233223350',0,0,0,0),('343433333333',1.75,19.25,0,21),('344233223350',0,0,0,0),('344253223350',0,0,0,0),('344253443350',0,0,0,0),('344253443650',0,0,0,0),('347233223350',0,0,0,0),('535131311260',0,0,0,0),('535131311551',0,0,0,0),('535131311553',0,0,0,0),('535131311555',0,0,0,0),('545131311260',0,0,0,0),('545131311266',0,0,0,0),('545131311267',0,0,0,0),('551131311255',0,0,0,0),('551131311266',0,0,0,0),('555555555555',0,0,0,0),('565656111111',17.12,11,0,28.12),('721233223356',0,0,0,0),('777233223356',0,0,0,0);

/*Table structure for table `stu_cet_score` */

DROP TABLE IF EXISTS `stu_cet_score`;

CREATE TABLE `stu_cet_score` (
  `stu_num` varchar(20) DEFAULT NULL,
  `type_name` varchar(10) DEFAULT NULL,
  KEY `stu_num` (`stu_num`),
  KEY `type_name` (`type_name`),
  CONSTRAINT `stu_cet_score_ibfk_1` FOREIGN KEY (`stu_num`) REFERENCES `stu_info` (`stu_num`) ON DELETE CASCADE,
  CONSTRAINT `stu_cet_score_ibfk_2` FOREIGN KEY (`type_name`) REFERENCES `cet` (`type_name`) ON DELETE CASCADE
) ENGINE=InnoDB DEFAULT CHARSET=utf8;

/*Data for the table `stu_cet_score` */

insert  into `stu_cet_score`(`stu_num`,`type_name`) values ('201316080218','0cet4'),('201316080219','0cet4'),('201316080220','0cet4'),('201316080223','0cet4'),('201312121212','0cet4'),('201312121212','0cet4'),('171717171717','1cet4'),('171717171717','cet6'),('111111111111','0cet4'),('111111111111','cet6'),('565656565656','0cet4'),('565656565656','cet6'),('111111111199','0cet4'),('111111111199','cet6'),('555555555544','0cet4'),('555555555544','cet6'),('333333555555','0cet4'),('121211111111','0cet4'),('121211111111','cet6'),('444433333322','0cet4'),('444433333322','cet6'),('222222111111','0cet4'),('222222111111','cet6'),('123456789098','0cet4'),('123456789098','cet6'),('121212121111','0cet4'),('201316080205','0cet4'),('201316080205','cet6'),('332233223322','0cet4'),('223333444455','0cet4'),('223333444455','cet6'),('222233334445','1cet4'),('222233334445','cet6'),('201316080209','1cet4'),('201316080209','cet6'),('565656111111','0cet4'),('565656111111','cet6'),('201316080210','1cet4'),('201316080210','cet6'),('343433333333','0cet4'),('343433333333','cet6'),('232343434343','0cet4'),('201316080222','1cet4'),('201316080222','cet6'),('201316080201','1cet4'),('201316080201','cet6');

/*Table structure for table `stu_deyu_score` */

DROP TABLE IF EXISTS `stu_deyu_score`;

CREATE TABLE `stu_deyu_score` (
  `stu_num` varchar(20) NOT NULL,
  `deyu_num` varchar(10) NOT NULL,
  KEY `deyu_num` (`deyu_num`),
  KEY `stu_deyu_score_ibfk_1` (`stu_num`),
  CONSTRAINT `stu_deyu_score_ibfk_1` FOREIGN KEY (`stu_num`) REFERENCES `stu_info` (`stu_num`) ON DELETE CASCADE,
  CONSTRAINT `stu_deyu_score_ibfk_2` FOREIGN KEY (`deyu_num`) REFERENCES `deyuitem` (`deyu_num`) ON DELETE CASCADE
) ENGINE=InnoDB DEFAULT CHARSET=utf8;

/*Data for the table `stu_deyu_score` */

insert  into `stu_deyu_score`(`stu_num`,`deyu_num`) values ('171717171717','14001'),('171717171717','14003'),('171717171717','14010'),('111111111111','14010'),('111111111111','14011'),('111111111111','14012'),('565656565656','14005'),('565656565656','14006'),('565656565656','14010'),('111111111199','14001'),('111111111199','14010'),('555555555544','14001'),('333333555555','14001'),('333333555555','14009'),('121211111111','14001'),('121211111111','14006'),('121211111111','14011'),('444433333322','14001'),('444433333322','14003'),('444433333322','14010'),('444433333322','14013'),('222222111111','14002'),('222222111111','14003'),('123456789098','14001'),('123456789098','14003'),('121212121111','14002'),('121212121111','14005'),('201316080205','14005'),('201316080205','14006'),('201316080205','14011'),('332233223322','14001'),('332233223322','14006'),('223333444455','14002'),('223333444455','14005'),('223333444455','14008'),('222233334445','14002'),('222233334445','14005'),('201316080208','14001'),('201316080208','14003'),('201316080208','14006'),('201316080209','14002'),('201316080209','14011'),('201316080209','14015'),('565656111111','14001'),('565656111111','14011'),('565656111111','14015'),('201316080211','14001'),('201316080211','14002'),('201316080210','14001'),('201316080210','14003'),('343433333333','14003'),('343433333333','14009'),('343433333333','14014'),('232343434343','14003'),('232343434343','14008'),('232343434343','14013'),('201316080222','14001'),('201316080222','14009'),('201316080222','14032'),('201316080222','14033'),('201316080222','14035'),('201316080222','14057'),('201316080222','14058'),('201316080222','14059'),('201316080222','14060'),('201316080222','14061'),('201316080222','14062'),('201316080222','14063'),('201316080222','14064'),('201316080222','14065'),('201316080201','14001'),('201316080201','14008'),('201316080201','14032'),('201316080201','14033'),('201316080201','14035'),('201316080201','14057'),('201316080201','14058'),('201316080201','14059'),('201316080201','14060'),('201316080201','14061'),('201316080201','14062'),('201316080201','14063'),('201316080201','14064');

/*Table structure for table `stu_info` */

DROP TABLE IF EXISTS `stu_info`;

CREATE TABLE `stu_info` (
  `stu_id` int(11) NOT NULL AUTO_INCREMENT,
  `stu_name` varchar(20) NOT NULL,
  `stu_class` varchar(20) NOT NULL,
  `stu_num` varchar(20) NOT NULL,
  `downgrade` int(11) DEFAULT NULL,
  PRIMARY KEY (`stu_id`),
  UNIQUE KEY `stu_num` (`stu_num`),
  KEY `stu_class` (`stu_class`),
  CONSTRAINT `stu_info_ibfk_1` FOREIGN KEY (`stu_class`) REFERENCES `class_name` (`stu_class`) ON DELETE CASCADE
) ENGINE=InnoDB AUTO_INCREMENT=136 DEFAULT CHARSET=utf8;

/*Data for the table `stu_info` */

insert  into `stu_info`(`stu_id`,`stu_name`,`stu_class`,`stu_num`,`downgrade`) values (33,'张一','软件工程13-2','201316080218',0),(35,'张一','网络工程13-1','201316080219',0),(36,'张三','网络工程13-1','201316080220',0),(39,'zc','网络工程13-1','201316080223',0),(40,'张思','网络工程13-1','201312121212',0),(41,'dsf','网络工程13-1','222222222222',0),(42,'22','网络工程13-1','111111111211',0),(43,'22','网络工程13-1','111111111213',0),(44,'22','网络工程13-1','111111111255',0),(45,'22','网络工程13-1','111131311255',0),(46,'22','网络工程13-1','551131311255',0),(47,'22','网络工程13-1','551131311266',0),(48,'22','网络工程13-1','545131311266',0),(49,'22','网络工程13-1','545131311267',0),(50,'22','网络工程13-1','545131311260',0),(51,'22','网络工程13-1','535131311260',0),(52,'22','网络工程13-1','535131311555',0),(53,'22','网络工程13-1','535131311553',0),(54,'22','网络工程13-1','535131311551',0),(56,'22','网络工程13-1','171717171717',0),(57,'22','网络工程13-1','111111111111',0),(58,'34','网络工程13-1','565656565656',0),(60,'32','网络工程13-1','111111111199',0),(61,'55','软件工程13-2','555555555555',0),(62,'55','软件工程13-2','555555555544',0),(63,'333','网络工程13-1','333333555555',0),(64,'21','网络工程13-1','121211111111',0),(65,'34','网络工程13-1','444433333322',0),(66,'12','网络工程13-1','222222111111',0),(69,'21','网络工程13-1','123456789098',0),(70,'12','网络工程13-1','121212121111',0),(72,'李六','软件工程13-2','201316080205',0),(73,'23','网络工程13-1','332233223322',0),(74,'23','网络工程13-1','223333444455',0),(75,'12','网络工程13-1','222233334445',0),(76,'罗三','软件工程13-2','201316080208',0),(77,'罗斯','软件工程13-2','201316080209',0),(78,'23','网络工程13-1','565656111111',0),(80,'张五2','软件工程13-2','201316080211',1),(81,'张军3','软件工程13-2','201316080210',0),(89,'12','网络工程13-1','343433333333',0),(94,'234','网络工程13-1','232343434343',0),(110,'LA','软件工程13-2','201316080222',0),(111,'褚唐莉','软件工程13-2','201316080201',0),(112,'34','软件工程13-2','121233223322',0),(113,'34','软件工程13-2','121233223333',0),(114,'34','软件工程13-2','121233223334',0),(115,'34','软件工程13-2','121233223356',0),(116,'34','软件工程13-2','721233223356',0),(117,'34','软件工程13-2','777233223356',0),(118,'34','软件工程13-2','177233223356',0),(119,'34','软件工程13-2','177233223350',0),(120,'34','软件工程13-2','107233223350',0),(121,'34','软件工程13-2','007233223350',0),(122,'34','软件工程13-2','307233223350',0),(123,'34','软件工程13-2','347233223350',0),(124,'34','软件工程13-2','344233223350',0),(125,'34','软件工程13-2','344253223350',0),(126,'34','软件工程13-2','344253443350',0),(127,'34','软件工程13-2','344253443650',0),(128,'34','软件工程13-2','144253443650',0),(129,'34','软件工程13-2','144253993650',0),(130,'34','软件工程13-2','144253903650',0),(131,'34','软件工程13-2','144258903650',0),(132,'34','软件工程13-2','144298903650',0),(133,'34','软件工程13-2','144298903678',0),(134,'34','软件工程13-2','144298903668',0),(135,'34','软件工程13-2','144898903668',0);

/*Table structure for table `stu_tiyu_score` */

DROP TABLE IF EXISTS `stu_tiyu_score`;

CREATE TABLE `stu_tiyu_score` (
  `stu_num` varchar(20) NOT NULL,
  `tiyu_num` varchar(10) NOT NULL,
  `tiyu_desc` varchar(200) DEFAULT NULL,
  KEY `tiyu_num` (`tiyu_num`),
  KEY `stu_tiyu_score_ibfk_1` (`stu_num`),
  CONSTRAINT `stu_tiyu_score_ibfk_1` FOREIGN KEY (`stu_num`) REFERENCES `stu_info` (`stu_num`) ON DELETE CASCADE,
  CONSTRAINT `stu_tiyu_score_ibfk_2` FOREIGN KEY (`tiyu_num`) REFERENCES `tiyuitem` (`tiyu_num`) ON DELETE CASCADE
) ENGINE=InnoDB DEFAULT CHARSET=utf8;

/*Data for the table `stu_tiyu_score` */

insert  into `stu_tiyu_score`(`stu_num`,`tiyu_num`,`tiyu_desc`) values ('111111111111','16006',NULL),('111111111111','16008',NULL),('111111111111','16010',NULL),('565656565656','16003',NULL),('565656565656','16005',NULL),('565656565656','16009',NULL),('201316080205','16005',NULL),('201316080205','16008',NULL),('201316080205','16011',NULL),('201316080208','16001',NULL),('201316080208','16005',NULL),('201316080222','16001',NULL),('201316080222','16002',NULL),('201316080222','16003',NULL),('201316080222','16004',NULL);

/*Table structure for table `stu_zhiyu_score` */

DROP TABLE IF EXISTS `stu_zhiyu_score`;

CREATE TABLE `stu_zhiyu_score` (
  `stu_num` varchar(20) NOT NULL,
  `subj_num` varchar(10) DEFAULT NULL,
  `stu_sub_score` float DEFAULT NULL,
  KEY `subj_num` (`subj_num`),
  KEY `stu_zhiyu_score_ibfk_1` (`stu_num`),
  CONSTRAINT `stu_zhiyu_score_ibfk_1` FOREIGN KEY (`stu_num`) REFERENCES `stu_info` (`stu_num`) ON DELETE CASCADE,
  CONSTRAINT `stu_zhiyu_score_ibfk_2` FOREIGN KEY (`subj_num`) REFERENCES `zhiyuitem` (`subj_num`) ON DELETE CASCADE
) ENGINE=InnoDB DEFAULT CHARSET=utf8;

/*Data for the table `stu_zhiyu_score` */

insert  into `stu_zhiyu_score`(`stu_num`,`subj_num`,`stu_sub_score`) values ('171717171717','0101000021',45),('171717171717','0101200025',65),('171717171717','0302000023',78),('111111111111','0403000025',11),('111111111111','0502000033',22),('565656565656','04010X0015',54),('565656565656','0402000025',45),('565656565656','0403000025',45),('111111111199','0101000021',43),('111111111199','0101200025',34),('111111111199','0302000023',34),('555555555544','0101000021',34),('555555555544','0101200025',43),('333333555555','0101000021',34),('333333555555','0101200025',43),('121211111111','0101000021',21),('121211111111','0101200025',23),('121211111111','0302000023',23),('121211111111','0302200015',3),('121211111111','0402000025',33),('444433333322','0101000021',23),('444433333322','0101200025',32),('444433333322','0302000023',43),('444433333322','0302200015',43),('444433333322','04010X0015',54),('444433333322','0402000025',65),('222222111111','0101000021',12),('222222111111','0101200025',12),('222222111111','0302000023',12),('123456789098','0101000021',23),('123456789098','0101200025',12),('121212121111','0101000021',1),('121212121111','0101200025',2),('121212121111','0302000023',2),('201316080205','0101000021',12),('201316080205','0302000023',23),('332233223322','0101000021',23),('223333444455','0101000021',12),('223333444455','0101200025',32),('222233334445','0101000021',23),('222233334445','0101200025',32),('222233334445','0302000023',23),('222233334445','0302200015',23),('201316080208','0101000021',45),('201316080208','0101200025',45),('201316080208','0302000023',45),('201316080209','0101000021',23),('201316080209','0101200025',23),('565656111111','0101000021',12),('565656111111','0101200025',12),('565656111111','0302000023',12),('565656111111','0302200015',12),('201316080210','0101000021',23),('201316080210','0101200025',23),('201316080210','0302000023',23),('343433333333','0101000021',23),('343433333333','0101200025',23),('343433333333','0302000023',23),('343433333333','0302200015',23),('232343434343','0101000021',23),('232343434343','0302000023',23),('232343434343','04010X0015',23),('201316080222','0101000021',81),('201316080222','0101200025',82),('201316080222','0302000023',78),('201316080222','0302200015',85),('201316080222','04010X0015',84),('201316080222','0402000025',90),('201316080222','0403000015',84),('201316080222','0403000025',90),('201316080222','0501310185',92),('201316080222','0502000033',87),('201316080222','0502000041',75),('201316080222','0502200145',96),('201316080222','0601000044',76),('201316080222','0601200015',72),('201316080222','0701000215',88),('201316080222','0701000225',87),('201316080222','0702000405',68),('201316080222','0812001725',86),('201316080222','0812002045',86),('201316080222','0812002075',90),('201316080222','0812100015',94),('201316080222','0812100035',87),('201316080222','1105000015',92),('201316080222','1105200015',98),('201316080201','0101000021',75),('201316080201','0101200025',88),('201316080201','0302000023',64),('201316080201','0302200015',85),('201316080201','04010X0015',80),('201316080201','0402000025',78),('201316080201','0403000015',94),('201316080201','0403000025',88),('201316080201','0501310185',85),('201316080201','0502000033',81),('201316080201','0502000041',72),('201316080201','0502200145',94),('201316080201','0601000044',77),('201316080201','0601200015',80),('201316080201','0701000215',85),('201316080201','0701000225',67),('201316080201','0702000405',66),('201316080201','0812001725',78),('201316080201','0812002045',91),('201316080201','0812002075',81),('201316080201','0812100015',86),('201316080201','0812100035',85),('201316080201','1105000015',91),('201316080201','1105200015',98);

/*Table structure for table `thr_scale` */

DROP TABLE IF EXISTS `thr_scale`;

CREATE TABLE `thr_scale` (
  `deyu_propor` float NOT NULL,
  `zhiyu_propor` float NOT NULL,
  `tiyu_propor` float NOT NULL
) ENGINE=InnoDB DEFAULT CHARSET=utf8;

/*Data for the table `thr_scale` */

insert  into `thr_scale`(`deyu_propor`,`zhiyu_propor`,`tiyu_propor`) values (0.7,0.25,0.05);

/*Table structure for table `tiyuitem` */

DROP TABLE IF EXISTS `tiyuitem`;

CREATE TABLE `tiyuitem` (
  `tiyu_num` varchar(10) NOT NULL,
  `tiyu_name` varchar(100) NOT NULL,
  `tiyu_score` float NOT NULL,
  PRIMARY KEY (`tiyu_num`)
) ENGINE=InnoDB DEFAULT CHARSET=utf8;

/*Data for the table `tiyuitem` */

insert  into `tiyuitem`(`tiyu_num`,`tiyu_name`,`tiyu_score`) values ('16001','优秀志愿者1',5),('16002','优秀志愿者2',5),('16003','优秀志愿者3',5),('16004','优秀志愿者4',5),('16005','优秀志愿者5',5),('16006','优秀志愿者6',5),('16007','优秀志愿者7',5),('16008','优秀志愿者8',5),('16009','优秀志愿者9',5),('16010','优秀志愿者10',5),('16011','国家级一等奖(第一名)',70),('16012','国家级二等奖(第二、三名)',60),('16013','国家级三等奖(第四至八名)',50),('16014','省级一等奖(第一名)',45),('16015','省级二等奖(第二、三名)',40),('16016','省级三等奖(第四至八名)',35),('16017','校级一等奖(第一名)',30),('16018','校级二等奖(第二、三名)',25),('16019','校级三等奖(第四至八名)',20),('16020','院级一等奖(第一名)',20),('16021','院级二等奖(第二、三名)',15),('16022','院级三等奖(第四至八名)',10);

/*Table structure for table `total` */

DROP TABLE IF EXISTS `total`;

CREATE TABLE `total` (
  `stu_num` varchar(20) DEFAULT NULL,
  `total_score` float DEFAULT NULL,
  KEY `stu_num` (`stu_num`),
  CONSTRAINT `total_ibfk_1` FOREIGN KEY (`stu_num`) REFERENCES `stu_info` (`stu_num`) ON DELETE CASCADE
) ENGINE=InnoDB DEFAULT CHARSET=utf8;

/*Data for the table `total` */

insert  into `total`(`stu_num`,`total_score`) values ('222222222222',0),('111111111211',0),('111111111213',0),('111111111255',0),('111131311255',0),('551131311255',0),('551131311266',0),('545131311266',0),('545131311267',0),('545131311260',0),('535131311260',0),('535131311555',0),('535131311553',0),('535131311551',0),('555555555555',0),('121211111111',34.67),('201316080209',100),('565656111111',28.12),('201316080211',100),('201316080210',100),('343433333333',21),('232343434343',19.25),('201316080222',88.44),('201316080201',82.53),('121233223322',0),('121233223333',0),('121233223334',0),('121233223356',0),('721233223356',0),('777233223356',0),('177233223356',0),('177233223350',0),('107233223350',0),('007233223350',0),('307233223350',0),('347233223350',0),('344233223350',0),('344253223350',0),('344253443350',0),('344253443650',0),('144253443650',0),('144253993650',0),('144253903650',0),('144258903650',0),('144298903650',0),('144298903678',0),('144298903668',0),('144898903668',0);

/*Table structure for table `user_form` */

DROP TABLE IF EXISTS `user_form`;

CREATE TABLE `user_form` (
  `user_id` int(11) NOT NULL,
  `user_name` varchar(20) NOT NULL,
  `user_pwd` varchar(20) NOT NULL,
  PRIMARY KEY (`user_id`),
  UNIQUE KEY `user_name` (`user_name`)
) ENGINE=InnoDB DEFAULT CHARSET=utf8;

/*Data for the table `user_form` */

insert  into `user_form`(`user_id`,`user_name`,`user_pwd`) values (1,'admin','admin'),(2,'123','admin');

/*Table structure for table `zhiyuitem` */

DROP TABLE IF EXISTS `zhiyuitem`;

CREATE TABLE `zhiyuitem` (
  `subj_num` varchar(10) NOT NULL,
  `subj_name` varchar(20) NOT NULL,
  `subj_score` float NOT NULL,
  `target` int(11) NOT NULL DEFAULT '0',
  PRIMARY KEY (`subj_num`)
) ENGINE=InnoDB DEFAULT CHARSET=utf8;

/*Data for the table `zhiyuitem` */

insert  into `zhiyuitem`(`subj_num`,`subj_name`,`subj_score`,`target`) values ('0101000021','毛泽东思想',3,0),('0101200025','毛泽东思想课外实践',2,0),('0302000023','思想道德修养及法律基础',2,0),('0302200015','思想道德修养及法律基础课外实践',1,0),('04010X0015','大学生学习方法指导',0.5,0),('0402000025','大学生心理健康',1,0),('0403000015','体育(一)',1,1),('0403000025','体育(二)',1,1),('0501310185','大学应用语文',1.5,0),('0502000033','大学英语(一)',3,0),('0502000041','大学英语(二)',2,0),('0502200145','英语应用能力实习',1,0),('0601000044','中国近代史纲要',1.5,0),('0601200015','中国近代史纲要课外实践',0.5,0),('0701000215','高等数学A(二)',6,0),('0701000225','高等数学A(一)',5,0),('0702000405','大学物理B(上)',2,0),('0812001725','C语言程序设计与应用',3,0),('0812002045','信息技术导论',2,0),('0812002075','面向对象与可视化编程',3,0),('0812100015','C语言程序设计实验',1,0),('0812100035','面向对象与可视化编程实验',1,0),('1105000015','军事理论',1,0),('1105200015','军训',2,0);

/* Trigger structure for table `statistic` */

DELIMITER $$

/*!50003 DROP TRIGGER*//*!50032 IF EXISTS */ /*!50003 `toall` */$$

/*!50003 CREATE */ /*!50017 DEFINER = 'root'@'localhost' */ /*!50003 TRIGGER `toall` AFTER INSERT ON `statistic` FOR EACH ROW BEGIN
insert into total(stu_num,total_score) values(new.stu_num,new.stu_deyu+new.stu_zhiyu+new.stu_tiyu);
END */$$


DELIMITER ;

/*!40101 SET SQL_MODE=@OLD_SQL_MODE */;
/*!40014 SET FOREIGN_KEY_CHECKS=@OLD_FOREIGN_KEY_CHECKS */;
/*!40014 SET UNIQUE_CHECKS=@OLD_UNIQUE_CHECKS */;
/*!40111 SET SQL_NOTES=@OLD_SQL_NOTES */;
